{"train_loss": 27.891029357910156, "val_loss": 37.118438720703125, "_timestamp": 1724401092.032752, "_runtime": 37323.84837412834, "_step": 99, "_wandb": {"runtime": 37323}}