{"train_loss": 32.10657501220703, "val_loss": 37.151939392089844, "_timestamp": 1724440341.9707696, "_runtime": 3734.725249528885, "_step": 9, "_wandb": {"runtime": 4052}}